{
  "format": "bms",
  "name": "EMPMSET",
  "type": "&SYSPARM",
  "lang": "COBOL",
  "mode": "INOUT",
  "term": "ALL",
  "data": "FIELD",
  "ctrl": [
    "FREEKB"
  ],
  "mapatts": [
    "COLOR",
    "HILIGHT"
  ],
  "dsatts": [],
  "storage": "AUTO",
  "tioapfx": "YES",
  "maps": [
    {
      "name": "EMPMAP",
      "ctrl": [
        "FREEKB"
      ],
      "mapatts": [
        "COLOR",
        "HILIGHT"
      ],
      "dsatts": [],
      "tioapfx": "YES",
      "data": "FIELD",
      "size": [
        "24",
        "80"
      ],
      "line": "1",
      "column": "1",
      "width": 80,
      "symbolicMapSize": 192,
      "fields": [
        {
          "hilight": "OFF",
          "intensity": "NORM",
          "protection": "PROT",
          "num": "NO",
          "ic": "NO",
          "fset": "NO",
          "color": "BLUE",
          "transp": "YES",
          "occurs": "1",
          "line": "1",
          "column": "1",
          "length": "8",
          "initial": "EMPMAP"
        },
        {
          "hilight": "OFF",
          "intensity": "NORM",
          "protection": "PROT",
          "num": "NO",
          "ic": "NO",
          "fset": "NO",
          "color": "GREEN",
          "transp": "YES",
          "occurs": "1",
          "line": "1",
          "column": "20",
          "length": "28",
          "initial": "AWS M2 TEAM EMPLOYEE INQUIRY"
        },
        {
          "hilight": "OFF",
          "intensity": "NORM",
          "protection": "PROT",
          "num": "NO",
          "ic": "NO",
          "fset": "NO",
          "color": "BLUE",
          "transp": "YES",
          "occurs": "1",
          "line": "1",
          "column": "57",
          "length": "4",
          "initial": "Date"
        },
        {
          "hilight": "OFF",
          "intensity": "NORM",
          "protection": "PROT",
          "num": "NO",
          "ic": "NO",
          "fset": "NO",
          "color": "BLUE",
          "transp": "YES",
          "occurs": "1",
          "line": "1",
          "column": "68",
          "length": "4",
          "initial": "Time"
        },
        {
          "name": "tranid",
          "hilight": "OFF",
          "intensity": "NORM",
          "protection": "PROT",
          "num": "NO",
          "ic": "NO",
          "fset": "NO",
          "color": "BLUE",
          "transp": "YES",
          "occurs": "1",
          "line": "1",
          "column": "76",
          "length": "4",
          "initial": "XXXX",
          "lengthOffset": 12,
          "attributesOffset": 14,
          "dataOffset": 15
        },
        {
          "name": "date",
          "hilight": "OFF",
          "intensity": "NORM",
          "protection": "PROT",
          "num": "NO",
          "ic": "NO",
          "fset": "NO",
          "color": "DEFAULT",
          "transp": "YES",
          "occurs": "1",
          "line": "2",
          "column": "55",
          "length": "10",
          "initial": "__________",
          "lengthOffset": 19,
          "attributesOffset": 21,
          "dataOffset": 22
        },
        {
          "name": "time",
          "hilight": "OFF",
          "intensity": "NORM",
          "protection": "PROT",
          "num": "NO",
          "ic": "NO",
          "fset": "NO",
          "color": "DEFAULT",
          "transp": "YES",
          "occurs": "1",
          "line": "2",
          "column": "66",
          "length": "10",
          "initial": "__________",
          "lengthOffset": 32,
          "attributesOffset": 34,
          "dataOffset": 35
        },
        {
          "hilight": "OFF",
          "intensity": "NORM",
          "protection": "PROT",
          "num": "NO",
          "ic": "NO",
          "fset": "NO",
          "color": "GREEN",
          "transp": "YES",
          "occurs": "1",
          "line": "3",
          "column": "1",
          "length": "40",
          "initial": "Type a Employee number Then press Enter."
        },
        {
          "hilight": "OFF",
          "intensity": "NORM",
          "protection": "PROT",
          "num": "NO",
          "ic": "NO",
          "fset": "NO",
          "color": "GREEN",
          "transp": "YES",
          "occurs": "1",
          "line": "5",
          "column": "1",
          "length": "24",
          "initial": "Employee number. . . . ."
        },
        {
          "name": "empno",
          "hilight": "OFF",
          "intensity": "NORM",
          "protection": "UNPROT",
          "num": "NO",
          "ic": "YES",
          "fset": "YES",
          "color": "TURQUOISE",
          "transp": "YES",
          "occurs": "1",
          "line": "5",
          "column": "26",
          "length": "6",
          "initial": "______",
          "lengthOffset": 45,
          "attributesOffset": 47,
          "dataOffset": 48
        },
        {
          "hilight": "OFF",
          "intensity": "NORM",
          "protection": "ASKIP",
          "num": "NO",
          "ic": "NO",
          "fset": "NO",
          "color": "DEFAULT",
          "transp": "YES",
          "occurs": "1",
          "line": "5",
          "column": "33",
          "length": "1"
        },
        {
          "hilight": "OFF",
          "intensity": "NORM",
          "protection": "PROT",
          "num": "NO",
          "ic": "NO",
          "fset": "NO",
          "color": "GREEN",
          "transp": "YES",
          "occurs": "1",
          "line": "7",
          "column": "1",
          "length": "24",
          "initial": "Employee First Name. . ."
        },
        {
          "name": "efname",
          "hilight": "OFF",
          "intensity": "NORM",
          "protection": "UNPROT",
          "num": "NO",
          "ic": "NO",
          "fset": "YES",
          "color": "TURQUOISE",
          "transp": "YES",
          "occurs": "1",
          "line": "7",
          "column": "26",
          "length": "10",
          "initial": "__________",
          "lengthOffset": 54,
          "attributesOffset": 56,
          "dataOffset": 57
        },
        {
          "hilight": "OFF",
          "intensity": "NORM",
          "protection": "ASKIP",
          "num": "NO",
          "ic": "NO",
          "fset": "NO",
          "color": "DEFAULT",
          "transp": "YES",
          "occurs": "1",
          "line": "7",
          "column": "37",
          "length": "1"
        },
        {
          "hilight": "OFF",
          "intensity": "NORM",
          "protection": "PROT",
          "num": "NO",
          "ic": "NO",
          "fset": "NO",
          "color": "GREEN",
          "transp": "YES",
          "occurs": "1",
          "line": "9",
          "column": "1",
          "length": "24",
          "initial": "Employee Last Name . . ."
        },
        {
          "name": "elname",
          "hilight": "OFF",
          "intensity": "NORM",
          "protection": "UNPROT",
          "num": "NO",
          "ic": "NO",
          "fset": "YES",
          "color": "TURQUOISE",
          "transp": "YES",
          "occurs": "1",
          "line": "9",
          "column": "26",
          "length": "10",
          "initial": "__________",
          "lengthOffset": 67,
          "attributesOffset": 69,
          "dataOffset": 70
        },
        {
          "hilight": "OFF",
          "intensity": "NORM",
          "protection": "ASKIP",
          "num": "NO",
          "ic": "NO",
          "fset": "NO",
          "color": "DEFAULT",
          "transp": "YES",
          "occurs": "1",
          "line": "9",
          "column": "37",
          "length": "1"
        },
        {
          "hilight": "OFF",
          "intensity": "NORM",
          "protection": "PROT",
          "num": "NO",
          "ic": "NO",
          "fset": "NO",
          "color": "GREEN",
          "transp": "YES",
          "occurs": "1",
          "line": "11",
          "column": "1",
          "length": "24",
          "initial": "Employee Designation . ."
        },
        {
          "name": "eaddr",
          "hilight": "OFF",
          "intensity": "NORM",
          "protection": "UNPROT",
          "num": "NO",
          "ic": "NO",
          "fset": "YES",
          "color": "TURQUOISE",
          "transp": "YES",
          "occurs": "1",
          "line": "11",
          "column": "26",
          "length": "10",
          "initial": "__________",
          "lengthOffset": 80,
          "attributesOffset": 82,
          "dataOffset": 83
        },
        {
          "hilight": "OFF",
          "intensity": "NORM",
          "protection": "ASKIP",
          "num": "NO",
          "ic": "NO",
          "fset": "NO",
          "color": "DEFAULT",
          "transp": "YES",
          "occurs": "1",
          "line": "11",
          "column": "37",
          "length": "1"
        },
        {
          "hilight": "OFF",
          "intensity": "NORM",
          "protection": "PROT",
          "num": "NO",
          "ic": "NO",
          "fset": "NO",
          "color": "GREEN",
          "transp": "YES",
          "occurs": "1",
          "line": "13",
          "column": "1",
          "length": "24",
          "initial": "Employee Phone No. . . ."
        },
        {
          "name": "ephno",
          "hilight": "OFF",
          "intensity": "NORM",
          "protection": "UNPROT",
          "num": "NO",
          "ic": "NO",
          "fset": "YES",
          "color": "TURQUOISE",
          "transp": "YES",
          "occurs": "1",
          "line": "13",
          "column": "26",
          "length": "10",
          "initial": "__________",
          "lengthOffset": 93,
          "attributesOffset": 95,
          "dataOffset": 96
        },
        {
          "hilight": "OFF",
          "intensity": "NORM",
          "protection": "ASKIP",
          "num": "NO",
          "ic": "NO",
          "fset": "NO",
          "color": "DEFAULT",
          "transp": "YES",
          "occurs": "1",
          "line": "13",
          "column": "37",
          "length": "1"
        },
        {
          "name": "message",
          "hilight": "OFF",
          "intensity": "BRT",
          "protection": "PROT",
          "num": "NO",
          "ic": "NO",
          "fset": "NO",
          "color": "RED",
          "transp": "YES",
          "occurs": "1",
          "line": "22",
          "column": "1",
          "length": "79",
          "lengthOffset": 106,
          "attributesOffset": 108,
          "dataOffset": 109
        },
        {
          "hilight": "OFF",
          "intensity": "NORM",
          "protection": "PROT",
          "num": "NO",
          "ic": "NO",
          "fset": "NO",
          "color": "BLUE",
          "transp": "YES",
          "occurs": "1",
          "line": "23",
          "column": "1",
          "length": "38",
          "initial": "F1=Read  F2=Write  F3=Exit  F4=Update "
        },
        {
          "hilight": "OFF",
          "intensity": "NORM",
          "protection": "PROT",
          "num": "NO",
          "ic": "NO",
          "fset": "NO",
          "color": "BLUE",
          "transp": "YES",
          "occurs": "1",
          "line": "24",
          "column": "1",
          "length": "28",
          "initial": "F5=Delete  F6=Clear  F7=Prev"
        },
        {
          "hilight": "OFF",
          "intensity": "NORM",
          "protection": "PROT",
          "num": "NO",
          "ic": "NO",
          "fset": "NO",
          "color": "BLUE",
          "transp": "YES",
          "occurs": "1",
          "line": "24",
          "column": "31",
          "length": "33",
          "initial": "F8=Next  F12=Cancel Enter=Browse "
        },
        {
          "name": "dummy",
          "hilight": "OFF",
          "intensity": "DRK",
          "protection": "PROT",
          "num": "NO",
          "ic": "NO",
          "fset": "YES",
          "color": "DEFAULT",
          "transp": "YES",
          "occurs": "1",
          "line": "24",
          "column": "79",
          "length": "1",
          "initial": " ",
          "lengthOffset": 188,
          "attributesOffset": 190,
          "dataOffset": 191
        }
      ]
    }
  ]
}